0,-8.75122,-8.7483,-8.75231,-8.75424
1,-8.76371,-8.75679,-8.75997,-8.76603
2,-8.78831,-8.78617,-8.7957,-8.79234
3,-8.83606,-8.84962,-8.84999,-8.84185
4,-8.90417,-8.917,-8.90866,-8.90695
5,-8.97862,-8.98784,-8.97956,-8.97837
6,-9.05752,-9.05998,-9.05487,-9.0539
7,-9.13033,-9.12861,-9.12812,-9.12972
8,-9.06695,-9.05795,-9.05795,-9.20705
9,-8.95788,-8.95328,-8.95328,-9.15215
10,-8.8477,-8.83699,-8.83699,-9.05795
11,-8.713,-8.70777,-8.70777,-8.95328
12,-8.57693,-8.56419,-8.56419,-8.83699
13,-8.41057,-8.40466,-8.40466,-8.70777
14,-8.24253,-8.25176,-8.22741,-8.43443
15,-8.11443,-8.12231,-8.12481,-8.14193
16,-7.99723,-8.00483,-8.00879,-8.01942
17,-7.91507,-7.89788,-7.91287,-7.92864
18,-7.82955,-7.83324,-7.83964,-7.83231
19,-7.80763,-7.79437,-7.78817,-7.81181
20,-8.73076,-8.71873,-8.72732,-8.72996
21,-8.74382,-8.73828,-8.73461,-8.73458
22,-8.76975,-8.79558,-8.77018,-8.76825
23,-8.82328,-8.82735,-8.82987,-8.82507
24,-8.86913,-8.87433,-8.87112,-8.87107
25,-8.93042,-8.92705,-8.93082,-8.92731
26,-9.00267,-8.9898,-8.98918,-8.98964
27,-9.06596,-9.05361,-9.05345,-9.05515
28,-8.95379,-8.95328,-8.95328,-9.1441
29,-8.85026,-8.83699,-8.83698,-9.05795
30,-8.73133,-8.70777,-8.70777,-8.95328
31,-8.57249,-8.56419,-8.56419,-8.83699
32,-8.41273,-8.40466,-8.40466,-8.70777
33,-8.23665,-8.22741,-8.2274,-8.56419
34,-8.04436,-8.20216,-8.03046,-8.36007
35,-8.07064,-8.05299,-8.0768,-8.0633
36,-7.94269,-7.95248,-7.94634,-7.95976
37,-7.86388,-7.85589,-7.86112,-7.86968
38,-7.78886,-7.79117,-7.80202,-7.79904
39,-7.75496,-7.73483,-7.74,-7.75791
40,-8.69028,-8.6883,-8.68863,-8.68455
41,-8.70195,-8.70129,-8.69488,-8.70418
42,-8.72494,-8.73185,-8.72173,-8.73088
43,-8.7967,-8.79681,-9.20229,-8.7832
44,-8.81673,-8.82218,-8.81239,-8.81308
45,-8.87051,-8.86518,-8.85748,-8.85773
46,-8.92179,-8.91071,-8.90505,-8.90925
47,-8.95416,-8.95213,-8.9522,-8.96269
48,-8.83893,-8.83698,-8.83698,-9.05505
49,-8.72906,-8.70777,-8.70777,-8.95328
50,-8.5755,-8.56419,-8.56419,-8.83698
51,-8.42509,-8.40466,-8.40466,-8.70777
52,-8.22766,-8.2274,-8.2274,-8.56419
53,-8.03916,-8.03046,-8.03045,-8.40466
54,-7.84828,-8.14609,-7.81162,-8.21556
55,-7.98784,-7.97334,-7.97494,-7.9739
56,-7.854,-7.85842,-7.85558,-7.84765
57,-7.77775,-7.77199,-7.78356,-7.77352
58,-7.72531,-7.71478,-7.72516,-7.7313
59,-7.66837,-7.68571,-7.67501,-7.69009
60,-8.6347,-8.64599,-8.64198,-8.6343
61,-8.6484,-8.63947,-8.64376,-8.64727
62,-8.64825,-9.20229,-8.64851,-8.65015
63,-9.99995,-9.99995,-9.99995,-9.99995
64,-8.74757,-8.74028,-8.7394,-9.62225
65,-8.76929,-8.78672,-8.77157,-8.77904
66,-8.82076,-8.81142,-8.81179,-8.81203
67,-8.84756,-8.83664,-8.83665,-8.84525
68,-8.72698,-8.70777,-8.70777,-8.95213
69,-8.58272,-8.56419,-8.56419,-8.83698
70,-8.41264,-8.40466,-8.40466,-8.70777
71,-8.25244,-8.2274,-8.2274,-8.56419
72,-8.04083,-8.03045,-8.03045,-8.40466
73,-7.82491,-7.81162,-7.81162,-8.2274
74,-7.58741,-7.98706,-7.56847,-8.0248
75,-7.7994,-7.79736,-7.79338,-7.79435
76,-7.71,-7.72075,-7.71384,-7.73571
77,-7.66316,-7.68515,-7.66176,-7.66277
78,-7.63481,-7.62526,-7.61674,-7.63921
79,-7.57375,-7.58131,-7.58608,-7.60076
80,-8.58847,-8.58145,-8.58279,-8.58676
81,-8.58949,-8.58139,-8.57784,-8.58911
82,-8.59326,-8.58312,-8.58028,-8.59323
83,-8.6491,-8.58147,-8.58943,-8.59354
84,-8.66311,-8.65672,-8.64454,-8.64968
85,-8.68765,-8.68419,-8.68283,-8.68716
86,-8.7192,-8.71708,-8.71153,-8.71796
87,-8.73025,-8.70764,-8.70763,-8.76873
88,-8.57811,-8.56419,-8.56419,-8.83633
89,-8.40581,-8.40466,-8.40466,-8.70777
90,-8.25302,-8.2274,-8.2274,-8.56418
91,-8.05233,-8.03045,-8.03045,-8.40466
92,-7.81681,-7.81162,-7.81162,-8.2274
93,-7.57879,-7.56847,-7.56847,-8.03045
94,-7.30294,-7.80225,-7.29831,-7.81087
95,-7.60294,-7.61987,-7.56511,-7.56488
96,-7.56611,-7.55851,-7.55728,-7.56914
97,-7.52621,-7.51676,-7.51438,-7.53573
98,-7.48605,-7.50264,-7.48045,-7.49028
99,-7.45968,-7.48144,-7.47147,-7.48106
100,-8.52041,-8.51617,-8.50442,-8.50527
101,-8.51029,-8.51942,-8.51143,-8.50929
102,-8.51444,-8.51522,-8.52153,-8.52268
103,-8.53227,-8.53486,-8.52377,-8.53079
104,-8.5653,-8.56137,-8.55097,-8.55764
105,-8.59641,-8.58995,-8.57979,-8.57804
106,-8.6047,-8.61864,-8.59506,-8.60342
107,-8.57187,-8.56415,-8.56414,-8.64116
108,-8.42072,-8.40466,-8.40466,-8.70759
109,-8.23457,-8.2274,-8.2274,-8.56419
110,-8.03846,-8.03045,-8.03045,-8.40466
111,-7.83986,-7.81162,-7.81162,-8.2274
112,-7.59249,-7.56847,-7.56847,-8.03045
113,-7.33952,-7.29831,-7.2983,-7.81162
114,-7.0054,-7.56734,-6.99812,-7.56828
115,-7.32701,-7.39388,-7.29799,-7.29801
116,-7.39995,-7.37605,-7.37063,-7.38555
117,-7.35471,-7.35917,-7.35932,-7.36235
118,-7.33428,-7.34711,-7.33915,-7.35652
119,-7.33025,-7.33739,-7.33332,-7.35667
120,-8.43102,-8.42788,-8.43506,-8.42903
121,-8.42918,-8.444,-8.43186,-8.43608
122,-8.44747,-8.44633,-8.43313,-8.44717
123,-8.45678,-8.44289,-8.44323,-8.44033
124,-8.46474,-8.45344,-8.45443,-8.45715
125,-8.47305,-8.4696,-8.46719,-8.47381
126,-8.47336,-8.46777,-8.46297,-8.48845
127,-8.40482,-8.40464,-8.40464,-8.43957
128,-8.24882,-8.2274,-8.2274,-8.56391
129,-8.05176,-8.03045,-8.03045,-8.40466
130,-7.8416,-7.81162,-7.81162,-8.2274
131,-7.57353,-7.56847,-7.56847,-8.03045
132,-7.34377,-7.2983,-7.2983,-7.81162
133,-7.02993,-6.99812,-6.99811,-7.56847
134,-6.7292,-7.29821,-6.66458,-7.29829
135,-7.00162,-7.19829,-6.9981,-6.9981
136,-7.2104,-7.21718,-7.16677,-7.17315
137,-7.18998,-7.19365,-7.19058,-7.20216
138,-7.1813,-7.19213,-7.17029,-7.19629
139,-7.21074,-7.16898,-7.1708,-7.17847
140,-8.35404,-8.35564,-8.34512,-8.34766
141,-8.34676,-8.35634,-8.35174,-8.34605
142,-8.34662,-8.34933,-8.34972,-8.34845
143,-8.35161,-8.33928,-8.35085,-8.34796
144,-8.35619,-8.34843,-8.34271,-8.34879
145,-8.35126,-8.35101,-8.33851,-8.34956
146,-8.32699,-8.32404,-8.32593,-8.32315
147,-8.256,-8.2274,-8.2274,-8.33489
148,-8.04303,-8.03045,-8.03045,-8.40463
149,-7.84252,-7.81162,-7.81162,-8.2274
150,-7.59883,-7.56847,-7.56847,-8.03045
151,-7.34287,-7.2983,-7.2983,-7.81162
152,-7.04803,-6.99811,-6.99811,-7.56847
153,-6.69532,-6.66457,-6.66457,-7.2983
154,-6.39957,-6.99811,-6.29397,-6.99811
155,-6.71158,-7.22349,-6.66457,-6.66457
156,-6.99524,-6.97567,-6.9653,-6.96816
157,-7.01033,-6.97909,-6.97744,-7.0041
158,-7.01407,-6.99489,-6.98227,-7.00106
159,-7.0099,-6.99749,-6.98931,-7.00002
160,-8.25144,-8.26072,-8.25816,-8.26247
161,-8.26137,-8.25483,-8.2526,-8.26512
162,-8.26133,-8.265,-8.2506,-8.24786
163,-8.24698,-8.25902,-8.24966,-8.24352
164,-8.22308,-8.2505,-8.22491,-8.23223
165,-8.20961,-8.20621,-8.20988,-8.21767
166,-8.17616,-8.17418,-8.16941,-8.18545
167,-8.05795,-8.03045,-8.03045,-8.22884
168,-7.84779,-7.81162,-7.81162,-8.22735
169,-7.59079,-7.56847,-7.56847,-8.03045
170,-7.33628,-7.2983,-7.2983,-7.81161
171,-7.04063,-6.99811,-6.99811,-7.56845
172,-6.70963,-6.66457,-6.66457,-7.29829
173,-6.36787,-6.29397,-6.29397,-6.99811
174,-6.14291,-6.66457,-5.88219,-6.66457
175,-6.31852,-6.98567,-6.29397,-6.29397
176,-6.68612,-6.68323,-6.66109,-6.66092
177,-6.75763,-6.73568,-6.74449,-6.75372
178,-6.80898,-6.80087,-6.7727,-6.77411
179,-6.79676,-6.78711,-6.79637,-6.80545
180,-8.15673,-8.17072,-8.15607,-8.15421
181,-8.15753,-8.16574,-8.14957,-8.15811
182,-8.17334,-8.16555,-8.15413,-8.14695
183,-8.15259,-8.13217,-8.12313,-8.16215
184,-8.09735,-8.09906,-8.10164,-8.10904
185,-8.06608,-8.06343,-8.05764,-8.08604
186,-8.00913,-7.99282,-7.99089,-8.00936
187,-7.83198,-7.81162,-7.81162,-8.06526
188,-7.61045,-7.56847,-7.56847,-8.03042
189,-7.3417,-7.2983,-7.2983,-7.81162
190,-6.99827,-6.99811,-6.99811,-7.56844
191,-6.69142,-6.66457,-6.66457,-7.2983
192,-6.32881,-6.29397,-6.29397,-6.99807
193,-6.04323,-5.88219,-5.88219,-6.66457
194,-5.82041,-6.29397,-5.42465,-6.29397
195,-5.91446,-6.66416,-5.88219,-5.88219
196,-6.29484,-6.49095,-6.29387,-6.29386
197,-6.51338,-6.52595,-6.49515,-6.48836
198,-6.5857,-6.56499,-6.54757,-6.57718
199,-6.5833,-6.57494,-6.57517,-6.60014
200,-8.05121,-8.05336,-8.05088,-8.05625
201,-8.04719,-8.06111,-8.04189,-8.04802
202,-8.0585,-8.03828,-8.03429,-8.0483
203,-7.99696,-8.00465,-7.99357,-8.02508
204,-7.96542,-7.96209,-7.95692,-7.95934
205,-7.91471,-7.89735,-7.89279,-7.89379
206,-7.81346,-7.78581,-7.78591,-7.82854
207,-7.59435,-7.56847,-7.56847,-7.83678
208,-7.30488,-7.2983,-7.2983,-7.81148
209,-7.00378,-6.99811,-6.99811,-7.56847
210,-6.71222,-6.66457,-6.66457,-7.29824
211,-6.33577,-6.29397,-6.29397,-6.99802
212,-5.93542,-5.88219,-5.88219,-6.66451
213,-5.69871,-5.42465,-5.42465,-6.29397
214,-5.49854,-5.88219,-4.91628,-5.88219
215,-5.62249,-6.29019,-5.42621,-5.42465
216,-5.88788,-6.18121,-5.88221,-5.88219
217,-6.21644,-6.20842,-6.20486,-6.21142
218,-6.34063,-6.29342,-6.30179,-6.30081
219,-6.3417,-6.35857,-6.33816,-6.36541
220,-7.9371,-7.95592,-7.93124,-7.92766
221,-7.92499,-7.93967,-7.93252,-7.92985
222,-7.91368,-7.91827,-7.91368,-7.91704
223,-7.86028,-7.86468,-7.85994,-7.88434
224,-7.80154,-7.80216,-7.80059,-7.82576
225,-7.73279,-7.71065,-7.70485,-7.72441
226,-7.5823,-7.55339,-7.55207,-7.6022
227,-7.31386,-7.2983,-7.2983,-7.64404
228,-7.01619,-6.99811,-6.99811,-7.56843
229,-6.68664,-6.66457,-6.66457,-7.2983
230,-6.32668,-6.29397,-6.29397,-6.998
231,-5.97965,-5.88219,-5.91774,-6.35729
232,-5.62276,-5.42465,-5.46529,-6.14397
233,-5.33869,-4.91628,-4.91722,-5.88037
234,-5.17411,-5.42465,-4.35142,-5.42465
235,-5.31763,-5.87927,-4.92235,-4.91628
236,-5.57379,-5.62196,-5.51603,-5.42469
237,-5.90926,-5.86869,-5.85756,-5.85934
238,-6.02858,-6.06057,-6.02532,-6.04982
239,-6.12158,-6.10511,-6.09786,-6.11132
240,-7.81716,-7.8342,-7.81613,-7.82224
241,-7.80675,-7.80072,-7.81467,-7.82097
242,-7.79396,-7.77843,-7.77517,-7.77371
243,-7.70905,-7.72037,-7.71873,-7.72638
244,-7.64668,-7.62793,-7.62879,-7.65284
245,-7.51456,-7.49759,-7.49221,-7.52243
246,-7.32362,-7.28892,-7.28843,-7.34852
247,-7.01347,-6.99811,-6.99811,-7.11311
248,-6.71384,-6.66457,-6.66457,-7.29824
249,-6.33687,-6.29397,-6.29397,-6.99811
250,-5.96751,-5.88219,-5.88219,-6.66457
251,-5.62431,-5.42465,-5.42465,-6.29397
252,-5.2967,-4.91628,-4.91628,-5.88219
253,-5.05743,-4.35142,-4.35142,-5.42465
254,-4.83567,-4.91628,-3.7238,-4.91628
255,-4.97516,-5.42469,-4.35145,-4.35142
256,-5.21464,-5.42566,-5.12832,-4.91628
257,-5.54069,-5.53543,-5.50913,-5.47339
258,-5.7849,-5.77221,-5.72055,-5.74079
259,-5.87014,-5.85372,-5.83581,-5.82832
260,-7.70173,-7.70017,-7.69319,-7.69838
261,-7.68586,-7.68434,-7.68718,-7.68017
262,-7.63868,-7.64379,-7.62829,-7.65238
263,-7.56181,-7.56446,-7.5642,-7.56046
264,-7.4561,-7.44424,-7.44127,-7.44791
265,-7.27596,-7.25515,-7.25577,-7.29357
266,-7.03776,-6.99363,-6.99385,-7.07588
267,-6.7035,-6.66457,-6.66457,-6.96171
268,-6.30545,-6.29397,-6.29431,-6.80073
269,-5.92799,-5.88219,-5.88219,-6.66456
270,-5.59332,-5.42465,-5.42465,-6.29397
271,-5.26451,-4.91628,-4.91628,-5.88219
272,-4.96182,-4.35142,-4.35142,-5.42465
273,-4.74294,-3.7238,-3.7238,-4.91628
274,-4.48907,-4.35142,-3.02644,-4.35142
275,-4.68006,-4.91628,-3.7238,-3.7238
276,-4.88594,-5.12086,-4.64439,-4.35142
277,-5.19872,-5.23085,-5.17607,-5.05357
278,-5.44767,-5.44152,-5.43109,-5.44444
279,-5.58481,-5.54094,-5.54924,-5.56847
280,-7.57627,-7.59149,-7.56031,-7.5548
281,-7.55273,-7.55741,-7.5575,-7.56631
282,-7.50386,-7.47654,-7.48351,-7.51039
283,-7.41003,-7.38806,-7.39111,-7.38809
284,-7.26629,-7.22929,-7.22924,-7.25054
285,-6.98722,-6.98042,-6.98161,-7.09788
286,-6.67151,-6.66356,-6.6635,-6.69417
287,-6.3296,-6.29455,-6.29397,-6.60495
288,-5.95876,-5.88236,-5.91489,-6.07153
289,-5.62277,-5.42465,-5.46451,-5.87314
290,-5.23585,-4.91628,-4.91628,-5.88218
291,-4.91342,-4.35142,-4.35142,-5.42465
292,-4.64514,-3.8837,-3.7238,-4.85237
293,-4.35699,-3.02644,-3.02644,-4.35142
294,-4.17108,-3.7238,-2.2516,-3.7238
295,-4.36586,-4.35144,-3.02644,-3.02644
296,-4.55609,-4.83527,-4.2961,-3.7238
297,-4.89867,-4.9036,-4.83245,-4.62488
298,-5.15221,-5.12402,-5.11977,-5.13395
299,-5.30926,-5.27499,-5.25203,-5.24024
300,-7.43568,-7.4515,-7.43299,-7.44271
301,-7.42747,-7.41585,-7.41113,-7.42713
302,-7.35283,-7.33619,-7.33357,-7.35253
303,-7.23401,-7.20622,-7.20794,-7.22613
304,-6.99959,-6.98834,-6.9999,-7.00965
305,-6.68064,-6.66451,-6.68491,-6.80784
306,-6.3279,-6.29397,-6.4662,-6.51335
307,-5.97414,-5.88219,-9.12252,-6.29391
308,-5.67926,-5.42465,-8.34892,-6.1557
309,-5.34452,-4.91628,-8.66261,-5.73288
310,-4.95275,-4.35142,-9.99994,-5.42465
311,-4.57293,-3.7238,-3.7238,-4.91627
312,-4.26735,-3.02644,-3.02644,-4.35142
313,-3.9489,-2.2516,-2.2516,-3.7238
314,-3.79463,-3.02644,-1.39066,-3.02644
315,-3.95292,-3.72381,-2.2516,-2.2516
316,-4.24336,-4.56288,-3.99374,-3.02644
317,-4.48298,-4.4959,-4.49006,-4.03237
318,-4.82071,-4.83528,-4.81251,-4.79457
319,-4.96941,-4.96781,-4.95754,-4.97948
320,-7.31214,-7.31222,-7.32369,-7.32608
321,-7.27795,-7.2746,-7.25007,-7.32056
322,-7.20872,-7.17995,-7.17211,-7.21267
323,-7.05414,-7.02597,-7.01622,-7.08051
324,-6.85446,-6.81603,-6.81157,-6.82593
325,-6.58417,-6.58679,-6.56447,-6.58104
326,-6.38933,-7.94105,-6.36429,-6.37513
327,-9.99995,-9.99995,-9.99995,-9.99995
328,-9.99995,-9.99995,-9.99995,-9.99995
329,-9.99995,-9.99995,-9.99995,-9.99995
330,-9.99995,-9.99995,-9.99995,-9.99995
331,-4.15443,-3.02644,-3.52143,-7.71228
332,-3.84225,-2.426,-2.2516,-3.75506
333,-3.60625,-1.39068,-1.39066,-3.02644
334,-3.44077,-2.2516,-0.43407,-2.2516
335,-3.60461,-3.02656,-1.39067,-1.39066
336,-3.94991,-4.21568,-2.25161,-3.5836
337,-4.20122,-4.24918,-3.72267,-4.20497
338,-4.50611,-4.57621,-4.5117,-4.53576
339,-4.69814,-4.7119,-4.70962,-4.68075
340,-7.18602,-7.19863,-7.18978,-7.18102
341,-7.13279,-7.12192,-7.12698,-7.13338
342,-7.03623,-7.00536,-7.00376,-7.03004
343,-6.81776,-6.8097,-6.80995,-6.83436
344,-6.60844,-6.55936,-6.4619,-6.56267
345,-6.35452,-6.31206,-6.20121,-6.32639
346,-6.1216,-6.09657,-5.95454,-6.14549
347,-6.12577,-5.95712,-6.51318,-5.96826
348,-6.12576,-5.84328,-6.12576,-5.81491
349,-6.12577,-6.12577,-6.12577,-5.73324
350,-9.99995,-9.99995,-9.99995,-9.99995
351,-3.70996,-2.25912,-3.69727,-5.26483
352,-3.4874,-1.39066,-1.47695,-3.07517
353,-3.2462,-0.43407,-0.43407,-2.2516
354,-2.99496,-1.39066,0.628811,-1.39066
355,-3.35667,-2.2516,-9.99991,-0.43407
356,-3.64525,-3.5019,-8.34892,-1.39066
357,-3.94862,-4.03081,-4.73871,-2.41577
358,-4.26949,-4.25608,-5.26483,-3.94831
359,-4.46773,-4.44804,-6.54805,-4.46195
360,-7.08909,-7.07821,-7.06208,-7.0547
361,-6.99958,-6.98896,-6.99515,-6.99376
362,-6.86188,-6.81714,-6.82495,-6.83738
363,-6.59375,-6.46645,-6.57231,-6.60833
364,-6.33105,-6.2981,-5.94312,-6.44842
365,-6.09271,-6.0474,-5.60446,-6.14518
366,-5.82766,-6.54805,-5.23427,-5.99549
367,-9.99995,-9.99995,-9.99995,-9.99995
368,-9.99995,-9.99995,-9.99995,-9.99995
369,-9.99995,-9.99995,-9.99995,-9.99995
370,-9.99995,-9.99995,-9.99995,-9.99995
371,-3.38002,-2.37803,-3.34001,-4.15413
372,-3.10379,-0.43407,-2.35512,-3.27818
373,-2.85166,0.628811,0.628809,-1.39068
374,-2.58465,-9.99995,1.80979,-0.43407
375,-9.99995,-9.99995,-9.99995,-9.99995
376,-9.99995,-9.99995,-9.99995,-9.99995
377,-9.99995,-9.99995,-9.99995,-9.99995
378,-9.99995,-9.99995,-9.99995,-9.99995
379,-9.99995,-9.99995,-9.99995,-9.99995
380,-7.00324,-6.97183,-6.97867,-6.97813
381,-6.87399,-6.86813,-6.89492,-6.88116
382,-6.67604,-6.54328,-6.65778,-6.65803
383,-6.41207,-6.01861,-6.44547,-6.4687
384,-6.12428,-5.43813,-6.11786,-6.21824
385,-5.82197,-4.92064,-5.78546,-5.90188
386,-5.52246,-4.35291,-5.34399,-5.52845
387,-5.217,-3.72428,-4.8162,-5.12733
388,-4.73871,-3.02658,-4.29916,-4.54188
389,-4.15412,-2.25163,-3.55802,-4.06188
390,-4.09507,-1.39067,-2.94466,-3.41285
391,-3.18244,-0.43407,-2.46121,-2.74874
392,-2.8339,0.628811,-1.72623,-1.81579
393,-2.48433,1.80979,0.628801,-0.434072
394,-1.97392,3.12199,1.80979,0.628811
395,-1.89999,4.57999,3.12199,1.80979
396,-0.999995,6.19999,4.57999,3.12199
397,-0.999995,7.99999,6.19999,4.57999
398,-0.999995,10,7.99999,6.19999
399,0,0,0,0
400,-6.55388,-6.55465,-6.52862,-6.54317
401,-6.55388,-6.60925,-6.57536,-6.59522
402,-6.65623,-6.65603,-6.67698,-6.67697
403,-6.78799,-6.78945,-6.78305,-6.78658
404,-6.94541,-6.97708,-6.95939,-6.94385
405,-7.15292,-7.15861,-7.13248,-7.13855
406,-7.31953,-7.44808,-7.29831,-7.34008
407,-7.57583,-7.83854,-7.56847,-7.56847
408,-7.82955,-8.2274,-7.81161,-7.81162
409,-8.03708,-8.40466,-8.03045,-8.03045
410,-8.24253,-8.52158,-8.2274,-8.2274
411,-8.3783,-8.37595,-8.37612,-8.37331
412,-8.24253,-8.2453,-8.24006,-8.26713
413,-8.11443,-8.11106,-8.12107,-8.13527
414,-7.977,-7.98027,-7.98882,-8.02569
415,-7.87274,-7.88053,-7.88569,-7.8696
416,-7.78548,-7.79728,-7.79621,-7.79849
417,-7.71769,-7.71764,-7.73054,-7.73698
418,-7.67135,-7.66074,-7.67441,-7.67779
419,-7.62407,-7.62747,-7.64465,-7.63877
420,-6.47829,-6.48235,-6.49266,-6.47282
421,-6.52723,-6.50843,-6.51547,-6.53568
422,-6.60431,-6.60345,-6.60458,-6.59282
423,-6.71235,-6.74207,-6.69865,-6.71847
424,-6.85715,-6.85909,-6.85315,-6.83921
425,-7.00808,-6.96581,-6.97343,-6.99518
426,-7.02132,-7.3019,-6.99812,-7.14491
427,-7.32528,-7.71485,-7.2983,-7.29831
428,-7.58446,-8.03045,-7.56846,-7.56847
429,-7.83799,-8.2274,-7.81161,-7.81161
430,-8.06641,-8.40462,-8.03045,-8.03045
431,-8.24785,-8.24788,-8.22739,-8.22739
432,-8.1598,-8.14291,-8.14021,-8.14656
433,-8.03685,-8.0409,-8.03539,-8.0344
434,-7.94531,-7.93361,-7.92656,-7.94773
435,-7.83992,-7.84893,-7.84017,-7.84557
436,-7.76205,-7.77446,-7.7673,-7.78534
437,-7.69832,-7.69882,-7.6962,-7.72333
438,-7.64583,-7.6515,-7.66252,-7.65406
439,-7.61508,-7.61261,-7.62942,-7.62779
440,-6.38109,-6.41835,-6.39882,-6.39329
441,-6.43281,-6.44482,-6.4413,-6.42668
442,-6.48756,-6.48563,-6.50098,-6.50369
443,-6.61713,-6.61465,-6.86186,-6.62016
444,-6.67558,-6.68121,-6.68709,-6.68689
445,-6.81754,-6.79333,-6.78226,-6.78656
446,-6.69355,-7.01605,-6.66458,-6.96804
447,-7.02295,-7.54908,-6.99811,-6.99812
448,-7.32036,-7.81161,-7.29829,-7.2983
449,-7.61171,-8.03045,-7.56846,-7.56846
450,-7.8389,-8.2274,-7.81161,-7.81161
451,-8.03678,-8.16681,-8.03045,-8.03045
452,-8.05782,-8.04179,-8.04213,-8.03557
453,-7.93352,-7.94006,-7.93125,-7.96962
454,-7.8511,-7.84088,-7.84565,-7.86968
455,-7.76532,-7.78634,-7.75803,-7.77068
456,-7.72103,-7.70748,-7.71115,-7.71451
457,-7.64364,-7.64735,-7.65659,-7.66171
458,-7.61611,-7.61302,-7.62124,-7.63643
459,-7.57762,-7.55176,-7.5696,-7.63109
460,-6.27753,-6.29418,-6.29926,-6.29279
461,-6.3202,-6.27791,-6.29438,-6.31133
462,-6.33613,-6.51318,-6.32038,-6.30472
463,-9.99995,-9.99995,-9.99995,-9.99995
464,-6.46984,-6.49652,-6.47361,-6.89324
465,-6.53729,-6.54201,-6.54608,-6.54195
466,-6.40942,-6.87253,-6.29397,-6.67089
467,-6.72246,-7.29696,-6.66457,-6.66457
468,-7.00308,-7.56846,-6.99811,-6.99811
469,-7.31063,-7.81161,-7.29829,-7.29829
470,-7.61106,-8.03045,-7.56846,-7.56846
471,-7.83305,-8.01091,-7.81161,-7.81161
472,-7.91979,-7.90142,-7.90423,-7.90443
473,-7.81009,-7.813,-7.8125,-7.81717
474,-7.75182,-7.73903,-7.73711,-7.72576
475,-7.69144,-7.67109,-7.66432,-7.66475
476,-7.62969,-7.62756,-7.62292,-7.61953
477,-7.56408,-7.58116,-7.57366,-7.59039
478,-7.55094,-7.54459,-7.54705,-7.53813
479,-7.5258,-7.51427,-7.52121,-7.50944
480,-6.17138,-6.13625,-6.15164,-6.13571
481,-6.14564,-6.15356,-6.13399,-6.156
482,-6.16707,-6.13379,-6.14367,-6.16712
483,-6.12577,-6.12712,-6.08773,-6.14471
484,-6.22786,-6.27862,-6.2309,-6.24142
485,-6.31775,-6.28991,-6.28994,-6.3216
486,-6.03465,-6.66355,-5.88219,-6.65708
487,-6.3102,-6.99603,-6.29399,-6.29397
488,-6.69823,-7.29829,-6.66457,-6.66457
489,-7.00675,-7.56846,-6.99811,-6.99811
490,-7.29919,-7.81161,-7.29829,-7.29829
491,-7.57724,-7.92042,-7.56846,-7.56846
492,-7.75761,-7.76217,-7.75187,-7.75098
493,-7.69112,-7.68622,-7.67031,-7.67786
494,-7.63518,-7.60616,-7.61427,-7.61342
495,-7.55972,-7.55689,-7.56928,-7.55749
496,-7.51229,-7.51698,-7.49932,-7.54896
497,-7.48085,-7.48771,-7.48625,-7.48696
498,-7.47132,-7.45245,-7.45964,-7.47595
499,-7.44137,-7.44438,-7.44506,-7.45745
500,-5.99022,-5.97537,-5.97229,-5.98017
501,-5.97162,-5.97582,-5.96032,-5.96651
502,-5.96332,-5.97934,-5.95685,-5.98564
503,-5.97073,-5.96453,-5.9498,-5.96931
504,-6.01115,-6.02617,-6.01812,-6.02356
505,-5.91019,-5.88174,-5.88177,-6.13588
506,-5.68689,-6.29198,-5.42465,-6.29114
507,-5.99216,-6.57943,-5.88219,-5.88529
508,-6.34908,-6.99811,-6.29397,-6.29397
509,-6.71231,-7.29829,-6.66457,-6.66457
510,-6.99844,-7.56846,-6.99811,-6.99811
511,-7.32979,-7.76245,-7.29829,-7.29829
512,-7.54818,-7.54719,-7.5485,-7.54746
513,-7.53114,-7.50398,-7.49668,-7.49866
514,-7.47906,-7.47662,-7.46583,-7.47745
515,-7.43716,-7.44661,-7.43462,-7.45658
516,-7.37979,-7.38887,-7.39025,-7.42572
517,-7.36822,-7.39094,-7.36792,-7.37397
518,-7.34755,-7.36559,-7.36194,-7.36424
519,-7.3767,-7.35093,-7.35527,-7.3483
520,-5.78785,-5.8056,-5.77002,-5.77827
521,-5.7674,-5.78761,-5.78243,-5.77587
522,-5.77344,-5.77407,-5.73549,-5.77343
523,-5.76507,-5.73515,-5.74444,-5.73225
524,-5.77177,-5.72659,-5.73254,-5.76226
525,-5.49869,-5.42465,-5.42995,-5.87291
526,-5.34056,-5.88219,-4.91628,-5.88219
527,-5.62522,-6.29397,-5.42465,-5.42465
528,-5.91945,-6.66457,-5.88219,-5.88219
529,-6.35983,-6.99811,-6.29397,-6.29397
530,-6.6701,-7.29829,-6.66457,-6.66457
531,-7.02762,-7.54337,-6.9981,-6.99811
532,-7.31743,-7.36811,-7.29253,-7.29262
533,-7.30407,-7.31283,-7.30337,-7.35215
534,-7.31104,-7.29043,-7.30004,-7.29867
535,-7.30178,-7.27839,-7.27794,-7.29697
536,-7.25658,-7.26409,-7.26234,-7.28268
537,-7.24486,-7.24041,-7.25553,-7.26817
538,-7.24086,-7.24028,-7.23337,-7.25933
539,-7.26442,-7.24647,-7.2347,-7.23567
540,-5.5881,-5.56814,-5.56935,-5.55153
541,-5.58101,-5.58405,-5.55085,-5.55922
542,-5.54174,-5.49952,-5.51931,-5.53323
543,-5.49581,-5.45538,-5.47106,-5.50286
544,-5.38959,-5.37051,-5.37628,-5.40834
545,-5.08937,-4.91628,-4.97613,-5.49607
546,-4.98991,-5.42465,-4.35142,-5.42465
547,-5.21117,-5.88219,-4.91628,-4.91628
548,-5.49121,-6.29396,-5.42465,-5.42465
549,-5.89315,-6.66457,-5.88219,-5.88219
550,-6.31136,-6.9981,-6.29397,-6.29397
551,-6.72378,-7.29679,-6.66456,-6.66457
552,-7.04217,-7.05453,-6.99763,-6.99765
553,-7.11208,-7.10365,-7.08049,-7.0796
554,-7.1052,-7.11831,-7.11548,-7.12631
555,-7.11828,-7.12761,-7.1301,-7.1163
556,-7.11772,-7.12094,-7.12995,-7.12296
557,-7.12255,-7.11325,-7.10991,-7.13721
558,-7.12059,-7.11623,-7.10379,-7.12728
559,-7.12398,-7.13062,-7.12538,-7.11945
560,-5.36332,-5.35322,-5.31189,-5.33132
561,-5.3411,-5.30214,-5.3145,-5.33508
562,-5.23829,-5.26111,-5.25429,-5.25608
563,-5.19531,-5.16886,-5.16049,-5.17678
564,-5.02092,-4.92099,-4.94776,-5.00657
565,-4.72189,-4.35142,-4.47654,-5.24039
566,-4.62222,-4.91627,-3.7238,-4.91628
567,-4.86464,-5.42465,-4.35142,-4.35142
568,-5.1423,-5.88219,-4.91628,-4.91628
569,-5.46792,-6.29397,-5.42465,-5.42465
570,-5.95093,-6.66456,-5.88219,-5.88219
571,-6.30393,-6.99769,-6.29396,-6.29397
572,-6.71189,-6.75965,-6.6645,-6.66451
573,-6.86547,-6.8669,-6.82677,-6.83836
574,-6.94176,-6.91451,-6.89809,-6.91344
575,-6.98497,-7.00033,-6.94321,-6.93941
576,-6.97251,-6.99259,-6.97812,-7.0107
577,-6.96247,-6.98731,-6.96339,-7.00881
578,-6.99762,-6.99012,-6.96857,-6.99109
579,-7.01672,-6.98538,-6.97949,-7.00389
580,-5.08858,-5.0685,-5.05598,-5.03212
581,-5.08048,-5.05293,-5.05053,-5.04139
582,-4.95951,-4.96753,-4.97124,-4.98515
583,-4.84109,-4.81288,-4.8082,-4.8335
584,-4.58188,-4.51917,-4.38505,-4.56899
585,-4.33671,-3.96878,-3.7238,-4.84223
586,-4.25795,-4.35142,-3.02644,-4.35142
587,-4.43091,-4.91627,-3.7238,-3.7238
588,-4.73154,-5.42465,-4.35142,-4.35142
589,-5.06788,-5.88219,-4.91628,-4.91628
590,-5.45291,-6.29396,-5.42465,-5.42465
591,-5.89338,-6.6645,-5.88218,-5.88219
592,-6.31344,-6.36027,-6.29396,-6.29396
593,-6.56835,-6.59673,-6.53599,-6.54764
594,-6.70482,-6.65732,-6.66502,-6.67601
595,-6.76252,-6.73874,-6.7435,-6.73261
596,-6.81836,-6.78738,-6.79185,-6.79907
597,-6.81796,-6.82118,-6.81639,-6.80455
598,-6.83687,-6.83114,-6.82444,-6.84221
599,-6.85043,-6.80881,-6.82704,-6.84435
600,-4.78441,-4.78332,-4.80857,-4.78559
601,-4.80153,-4.75827,-4.75571,-4.7824
602,-4.66848,-4.68658,-4.66811,-4.68103
603,-4.4537,-4.37414,-4.43338,-4.51817
604,-4.15244,-3.72416,-4.11383,-4.26838
605,-3.93875,-3.02644,-3.10142,-4.34677
606,-3.8526,-3.7238,-2.2516,-3.7238
607,-4.01497,-4.35141,-3.02644,-3.02644
608,-4.32198,-4.91627,-3.7238,-3.7238
609,-4.61063,-5.42465,-4.35142,-4.35142
610,-5.02517,-5.88218,-4.91628,-4.91628
611,-5.46149,-6.29395,-5.42465,-5.42465
612,-5.9254,-6.09953,-5.88218,-5.88218
613,-6.22463,-6.27281,-6.22714,-6.22462
614,-6.42312,-6.4325,-6.41306,-6.40471
615,-6.52032,-6.53151,-6.53016,-6.52632
616,-6.62667,-6.61627,-6.60537,-6.59368
617,-6.66112,-6.64464,-6.65246,-6.65412
618,-6.68496,-6.65593,-6.64963,-6.67815
619,-6.66958,-6.67843,-6.66529,-6.67816
620,-4.53215,-4.54094,-4.54172,-4.51764
621,-4.47727,-4.46634,-4.48323,-4.47868
622,-4.41072,-4.32407,-4.34028,-4.34824
623,-4.1383,-4.09025,-4.08937,-4.11079
624,-3.80607,-3.1235,-3.7074,-3.85387
625,-3.58231,-2.2516,-2.4603,-3.85555
626,-3.37966,-3.02644,-1.39066,-3.02644
627,-3.64444,-3.7238,-2.2516,-2.2516
628,-3.88782,-4.35141,-3.02644,-3.02644
629,-4.26783,-4.91627,-3.7238,-3.7238
630,-4.61769,-5.42465,-4.35142,-4.35142
631,-5.00801,-5.85138,-4.91628,-4.92485
632,-5.44154,-5.98736,-5.42943,-5.42465
633,-5.91857,-5.89479,-5.8581,-5.85969
634,-6.14121,-6.1784,-6.125,-6.11942
635,-6.29052,-6.31908,-6.29628,-6.29553
636,-6.42632,-6.41217,-6.41103,-6.39535
637,-6.49368,-6.48248,-6.45439,-6.48142
638,-6.48421,-6.47935,-6.50362,-6.49635
639,-6.50189,-6.50235,-6.50472,-6.48998
640,-4.28886,-4.24201,-4.20694,-4.22109
641,-4.21786,-4.18515,-4.14325,-4.16636
642,-4.02344,-3.99756,-3.99967,-4.00787
643,-3.67419,-3.53181,-3.67764,-3.71251
644,-3.34322,-2.33969,-3.33147,-3.55595
645,-3.108,-1.39066,-1.51101,-3.25396
646,-2.98928,-2.2516,-0.43407,-2.2516
647,-3.25643,-3.02644,-1.39066,-1.39066
648,-3.4791,-3.72379,-2.2516,-2.2516
649,-3.79871,-4.35141,-3.02644,-3.02644
650,-4.23953,-4.91627,-3.7238,-3.7238
651,-4.61787,-5.42332,-4.3546,-4.35142
652,-5.01891,-5.38704,-4.97983,-4.91628
653,-5.48204,-5.45251,-5.42511,-5.42355
654,-5.81795,-5.78348,-5.80339,-5.79094
655,-6.0577,-6.05187,-6.03455,-6.0275
656,-6.19469,-6.22283,-6.19204,-6.19024
657,-6.3157,-6.26921,-6.282,-6.27607
658,-6.34168,-6.31329,-6.33244,-6.3364
659,-6.33159,-6.33154,-6.33432,-6.35753
660,-3.9045,-3.90103,-3.91031,-3.88312
661,-3.84685,-3.80302,-3.81009,-3.84933
662,-3.63288,-3.62385,-3.61732,-3.67371
663,-3.3143,-3.22544,-3.27972,-3.30134
664,-2.95182,-1.4889,-2.92455,-2.95718
665,-2.70384,-0.43407,-0.476761,-2.53325
666,-2.60459,-1.39066,0.628811,-1.39066
667,-2.79493,-2.2516,-0.43407,-0.43407
668,-3.12508,-3.02644,-1.39066,-1.39066
669,-3.51521,-3.7238,-2.2516,-2.2516
670,-3.8827,-4.35142,-3.02644,-3.02644
671,-4.19261,-4.89106,-3.7238,-3.78264
672,-4.58019,-4.79769,-4.36215,-4.56405
673,-5.02551,-5.06646,-4.93158,-4.98206
674,-5.45163,-5.57079,-5.41285,-5.41227
675,-5.76093,-5.80573,-5.75103,-5.74747
676,-5.99742,-5.98166,-5.95317,-5.96357
677,-6.12252,-6.10403,-6.09098,-6.08671
678,-6.16885,-6.11481,-6.12878,-6.19746
679,-6.17578,-6.17893,-6.1759,-6.14705
680,-3.59587,-3.59531,-3.62073,-3.62795
681,-3.45923,-3.48416,-3.4461,-3.50262
682,-3.23434,-3.21269,-3.20611,-3.24369
683,-2.89382,-2.84225,-2.5547,-2.89876
684,-2.52577,-2.54363,-0.60609,-2.61706
685,-2.35562,0.439915,0.628811,-1.87202
686,-2.15772,-0.43407,1.80979,-0.43407
687,-2.44331,-1.39066,0.628811,0.628811
688,-2.77486,-2.2516,-0.43407,-0.43407
689,-3.08326,-3.02644,-1.39066,-1.39066
690,-3.42938,-3.72379,-2.2516,-2.2516
691,-3.87385,-4.34931,-3.02644,-3.03398
692,-4.24176,-4.59023,-4.01516,-3.7238
693,-4.59111,-4.67746,-4.5382,-4.3525
694,-5.04254,-5.13555,-4.96992,-4.92823
695,-5.43337,-5.41246,-5.4054,-5.40325
696,-5.72863,-5.715,-5.70378,-5.70221
697,-5.88151,-5.89946,-5.87987,-5.89437
698,-5.97603,-5.98813,-5.96926,-5.98326
699,-6.01751,-6.01133,-6.00546,-6.03475
700,-3.34873,-3.272,-3.29822,-3.30745
701,-3.10154,-3.10292,-3.10591,-3.14859
702,-2.76737,-2.36113,-2.7792,-2.77293
703,-2.42166,-0.596501,-2.45695,-2.44804
704,-2.19001,0.628811,-1.24491,-1.81501
705,-1.89482,1.80979,1.80979,-0.434071
706,-1.74012,0.628811,3.12199,0.628811
707,-2.09975,-0.43407,-9.99995,1.80979
708,-2.42496,-1.39066,-9.99995,0.628811
709,-2.81456,-2.2516,-9.99995,-0.43407
710,-3.16614,-3.02644,-9.99995,-1.39066
711,-3.55944,-3.72372,-3.72467,-2.2516
712,-3.85228,-4.14434,-4.21546,-3.02644
713,-4.27315,-4.52257,-4.37759,-3.72538
714,-4.65066,-4.88496,-4.73051,-4.36403
715,-5.07227,-5.04592,-5.07887,-4.94488
716,-5.44413,-5.44898,-5.44048,-5.43116
717,-5.70211,-5.6751,-5.67329,-5.68409
718,-5.83484,-5.80948,-5.81009,-5.79207
719,-5.86882,-5.85945,-5.83395,-5.86803
720,-3.01449,-2.9933,-2.97245,-2.95121
721,-2.85704,-2.82972,-2.82327,-2.78428
722,-2.57763,-2.51585,-2.52251,-2.533
723,-2.20512,-2.15503,-1.18814,-2.15733
724,-1.77363,-0.723644,1.80978,-2.17922
725,-1.52161,3.12176,3.12199,0.628708
726,-1.27141,-9.99995,4.57999,1.80979
727,-9.99995,-9.99995,-9.99995,-9.99995
728,-9.99995,-9.99995,-9.99995,-9.99995
729,-9.99995,-9.99995,-9.99995,-9.99995
730,-9.99995,-9.99995,-9.99995,-9.99995
731,-3.02657,-3.78249,-3.97937,-5.6953
732,-3.78488,-3.97375,-3.95242,-3.94225
733,-4.31726,-4.3363,-4.34395,-4.31774
734,-4.70636,-4.76958,-4.75977,-4.68549
735,-5.06802,-5.06241,-5.03187,-5.04264
736,-5.36846,-5.3552,-5.32084,-5.33235
737,-5.53424,-5.5556,-5.56965,-5.55435
738,-5.6816,-5.65689,-5.68009,-5.68808
739,-5.71398,-5.67908,-5.7063,-5.71317
740,-2.78432,-2.7151,-2.7119,-2.74414
741,-2.54143,-2.54139,-2.63186,-2.56011
742,-2.25544,-1.42023,-2.27434,-2.32013
743,-1.83319,1.61772,-1.97123,-2.04259
744,-1.59345,3.12199,-0.697942,-0.28525
745,-1.20657,4.57999,1.80979,1.80979
746,-0.852019,6.19999,3.12199,3.12199
747,-0.999995,7.99999,-9.99995,4.57999
748,-0.999995,10,-9.99995,6.19999
749,0,0,0,0
750,-9.99995,-9.99995,-9.99995,-9.99995
751,-3.8144,-3.89714,-3.88354,-4.73871
752,-4.09721,-4.10094,-4.08325,-4.10283
753,-4.35893,-4.39316,-4.35772,-4.37336
754,-4.65763,-4.6888,-4.66314,-4.65363
755,-4.97626,-5.0019,-5.26484,-4.99012
756,-5.26633,-5.25959,-5.73835,-5.25893
757,-5.47987,-5.48242,-5.73835,-5.47637
758,-5.61352,-5.60903,-6.89324,-5.59937
759,-5.61694,-5.63964,-7.4835,-5.64417
760,-2.59069,-2.52675,-2.55713,-2.52828
761,-2.47816,-2.45087,-2.43287,-2.40709
762,-2.19978,-2.25041,-2.23271,-2.22601
763,-1.64724,-1.92705,-1.96176,-1.9265
764,-1.56879,1.49766,-1.7952,-1.70044
765,3.12199,1.99819,-0.616341,-0.604655
766,4.57999,-9.99993,1.80978,1.80974
767,-9.99995,-9.99995,-9.99995,-9.99995
768,-9.99995,-9.99995,-9.99995,-9.99995
769,-9.99995,-9.99995,-9.99995,-9.99995
770,-9.99995,-9.99995,-9.99995,-9.99995
771,-3.90079,-3.886,-3.91489,-6.16451
772,-4.07538,-4.04613,-4.04737,-4.07223
773,-4.27252,-4.24055,-4.23176,-4.25777
774,-4.39132,-4.68557,-4.36953,-4.40909
775,-9.99995,-9.99995,-9.99995,-9.99995
776,-9.99995,-9.99995,-9.99995,-9.99995
777,-9.99995,-9.99995,-9.99995,-9.99995
778,-9.99995,-9.99995,-9.99995,-9.99995
779,-9.99995,-9.99995,-9.99995,-9.99995
780,-2.51118,-2.4521,-2.43554,-2.43792
781,-2.34958,-2.4219,-2.35589,-2.36814
782,-2.25423,-2.226,-2.20564,-2.26439
783,-1.99851,-1.99374,-2.03327,-2.05621
784,-1.72564,-1.3353,-1.73188,-1.80481
785,-1.45259,1.36755,-1.34889,-1.61455
786,3.12199,-1.33088,0.0833203,-1.12454
787,-1.89999,-1.82448,-1.73259,0.481942
788,-2.78289,-2.22467,-2.22179,-1.67132
789,-2.78289,-2.98585,-2.81764,-2.72625
790,-3.43897,-3.35912,-3.3733,-3.33046
791,-3.77988,-3.77508,-3.75214,-3.73584
792,-3.98998,-4.05934,-3.99446,-3.9843
793,-4.14188,-4.15808,-4.17754,-4.17769
794,-4.20746,-4.22525,-4.23231,-4.21005
795,-4.68557,-4.11811,-4.12963,-4.11903
796,-4.09508,-4.04911,-4.05135,-4.08467
797,-4.09508,-3.9808,-3.9797,-4.02731
798,-4.09508,-3.97401,-3.99383,-3.98375
799,-4.09508,-3.88064,-3.8839,-3.98917
